Question,Answer
"Làm thế nào để trở thành thành viên VIP?","Bạn chỉ cần chọn gói VIP phù hợp và hoàn tất thanh toán trên hệ thống WOPAI. Ngay sau đó, tài khoản của bạn sẽ được nâng cấp và bạn có thể tận hưởng tất cả đặc quyền VIP."
"Tôi có thể hủy đăng ký VIP không?","Bạn có thể hủy đăng ký bất kỳ lúc nào. Tuy nhiên, WOPAI không hoàn tiền cho phần thời gian còn lại của gói VIP sau khi hủy."
"VIP có tự động gia hạn không?","Hiện tại, WOPAI chưa tự động gia hạn gói VIP. Trước khi gói hết hạn, bạn sẽ nhận được thông báo để chủ động gia hạn nếu muốn."
"AI trên WOPAI hỗ trợ gì cho người dùng VIP?","AI gợi ý phim dựa trên sở thích và lịch sử xem, đề xuất những phim đang hot đúng thể loại bạn yêu thích, cải thiện tốc độ tìm kiếm phim."
"Lợi ích của gói VIP WOPAI là gì?","Gói VIP WOPAI mang lại trải nghiệm xem phim không giới hạn, không quảng cáo, chất lượng hình ảnh cao nhất và hỗ trợ kỹ thuật 24/7."
"Chi phí gói VIP 1 tháng là bao nhiêu?","Gói VIP 1 tháng có giá ưu đãi 20.000 VND (giá gốc 25.000 VND), bao gồm xem không giới hạn, không quảng cáo, chất lượng cao, hỗ trợ kỹ thuật ưu tiên."
"Chi phí gói VIP 3 tháng là bao nhiêu?","Gói VIP 3 tháng có giá ưu đãi 60.000 VND (giá gốc 75.000 VND), bao gồm xem không giới hạn, không quảng cáo, chất lượng cao, hỗ trợ kỹ thuật ưu tiên."
"Chi phí gói VIP 6 tháng là bao nhiêu?","Gói VIP 6 tháng có giá ưu đãi 120.000 VND (giá gốc 150.000 VND), bao gồm xem không giới hạn, không quảng cáo, chất lượng cao, hỗ trợ kỹ thuật ưu tiên."
"WOPAI có quảng cáo khi tôi nâng cấp VIP không?","Không. Khi bạn trở thành thành viên VIP, bạn sẽ trải nghiệm xem phim hoàn toàn không có quảng cáo."
"Gói VIP có bao gồm đề xuất phim bằng AI không?","Có. Người dùng VIP được tận hưởng hệ thống AI đề xuất phim theo sở thích và thói quen xem của mình."
